"","Date","Ticker","URL_Price","URL_News","Price_open","Price_close","Positive_News","Negative_News","Neutral_News","stock_trend","stock_movement"
"1",2018-11-15,"AAPL","https://www.nasdaq.com/symbol/aapl/historical","https://www.reuters.com/finance/stocks/company-news/AAPL.OQ?date=11152018",188.39,191.41,1,4,4,-0.0160305748712777,-1
"2",2018-11-15,"AMZN","https://www.nasdaq.com/symbol/amzn/historical","https://www.reuters.com/finance/stocks/company-news/AMZN.OQ?date=11152018",1581.01,1619.44,0,0,6,-0.0243072466334812,-1
"3",2018-11-15,"FB","https://www.nasdaq.com/symbol/fb/historical","https://www.reuters.com/finance/stocks/company-news/FB.OQ?date=11152018",142.33,143.85,0,1,0,-0.0106794070118737,-1
"4",2018-11-15,"GM","https://www.nasdaq.com/symbol/gm/historical","https://www.reuters.com/finance/stocks/company-news/GM.N?date=11152018",34.91,35.55,0,1,0,-0.0183328559152106,-1
"5",2018-11-15,"GOOGL","https://www.nasdaq.com/symbol/googl/historical","https://www.reuters.com/finance/stocks/company-news/GOOGL.OQ?date=11152018",1051.46,1071.05,0,0,1,-0.0186312365662982,-1
"6",2018-11-15,"LMT","https://www.nasdaq.com/symbol/lmt/historical","https://www.reuters.com/finance/stocks/company-news/LMT.N?date=11152018",302.17,305.48,0,0,1,-0.01095409868617,-1
"7",2018-11-15,"MSFT","https://www.nasdaq.com/symbol/msft/historical","https://www.reuters.com/finance/stocks/company-news/MSFT.OQ?date=11152018",104.99,107.28,0,0,1,-0.0218116011048672,-1
"8",2018-11-15,"TSLA","https://www.nasdaq.com/symbol/tsla/historical","https://www.reuters.com/finance/stocks/company-news/TSLA.OQ?date=11152018",342.33,348.44,3,2,0,-0.0178482750562323,-1
"9",2018-11-15,"WMT","https://www.nasdaq.com/symbol/wmt/historical","https://www.reuters.com/finance/stocks/company-news/WMT.N?date=11152018",102.32,99.54,2,1,2,0.0271696637998435,1
"10",2018-11-16,"AAPL","https://www.nasdaq.com/symbol/aapl/historical","https://www.reuters.com/finance/stocks/company-news/AAPL.OQ?date=11162018",190.5,193.53,0,3,0,-0.0159055118110236,-1
"11",2018-11-16,"FB","https://www.nasdaq.com/symbol/fb/historical","https://www.reuters.com/finance/stocks/company-news/FB.OQ?date=11162018",141.07,139.53,1,0,0,0.0109165662437087,1
"12",2018-11-16,"GOOGL","https://www.nasdaq.com/symbol/googl/historical","https://www.reuters.com/finance/stocks/company-news/GOOGL.OQ?date=11162018",1065.23,1068.27,1,0,2,-0.0028538437708288,-1
"13",2018-11-16,"JNJ","https://www.nasdaq.com/symbol/jnj/historical","https://www.reuters.com/finance/stocks/company-news/JNJ.N?date=11162018",144.71,145.99,0,1,0,-0.00884527676041739,-1
"14",2018-11-16,"TSLA","https://www.nasdaq.com/symbol/tsla/historical","https://www.reuters.com/finance/stocks/company-news/TSLA.OQ?date=11162018",345.19,354.31,2,0,0,-0.0264202323358151,-1
"15",2018-11-19,"AAPL","https://www.nasdaq.com/symbol/aapl/historical","https://www.reuters.com/finance/stocks/company-news/AAPL.OQ?date=11192018",190,185.86,1,7,1,0.0217894736842105,1
"16",2018-11-19,"FB","https://www.nasdaq.com/symbol/fb/historical","https://www.reuters.com/finance/stocks/company-news/FB.OQ?date=11192018",137.61,131.55,0,0,1,0.0440374972749074,1
"17",2018-11-19,"GOOGL","https://www.nasdaq.com/symbol/googl/historical","https://www.reuters.com/finance/stocks/company-news/GOOGL.OQ?date=11192018",1063.39,1027.42,0,0,1,0.0338257835789316,1
"18",2018-11-19,"TSLA","https://www.nasdaq.com/symbol/tsla/historical","https://www.reuters.com/finance/stocks/company-news/TSLA.OQ?date=11192018",356.34,353.47,1,0,0,0.00805410562945487,1
"19",2018-11-20,"AAPL","https://www.nasdaq.com/symbol/aapl/historical","https://www.reuters.com/finance/stocks/company-news/AAPL.OQ?date=11202018",178.37,176.98,4,4,0,0.00779279026742173,1
"20",2018-11-20,"AMZN","https://www.nasdaq.com/symbol/amzn/historical","https://www.reuters.com/finance/stocks/company-news/AMZN.OQ?date=11202018",1437.5,1495.46,1,0,2,-0.04032,-1
"21",2018-11-20,"CVS","https://www.nasdaq.com/symbol/cvs/historical","https://www.reuters.com/finance/stocks/company-news/CVS.N?date=11202018",77.1,75.52,0,0,2,0.0204928664072633,1
"22",2018-11-20,"FB","https://www.nasdaq.com/symbol/fb/historical","https://www.reuters.com/finance/stocks/company-news/FB.OQ?date=11202018",127.03,132.43,4,3,0,-0.0425096433913249,-1
"23",2018-11-20,"FDX","https://www.nasdaq.com/symbol/fdx/historical","https://www.reuters.com/finance/stocks/company-news/FDX.N?date=11202018",222.72,221.34,0,2,0,0.00619612068965515,1
"24",2018-11-21,"AAPL","https://www.nasdaq.com/symbol/aapl/historical","https://www.reuters.com/finance/stocks/company-news/AAPL.OQ?date=11212018",179.73,176.78,2,2,1,0.0164135091526178,1
"25",2018-11-21,"AMZN","https://www.nasdaq.com/symbol/amzn/historical","https://www.reuters.com/finance/stocks/company-news/AMZN.OQ?date=11212018",1542.99,1516.73,4,1,2,0.0170189048535635,1
"26",2018-11-21,"FB","https://www.nasdaq.com/symbol/fb/historical","https://www.reuters.com/finance/stocks/company-news/FB.OQ?date=11212018",134.4,134.82,0,2,2,-0.00312499999999991,-1
"27",2018-11-21,"JNJ","https://www.nasdaq.com/symbol/jnj/historical","https://www.reuters.com/finance/stocks/company-news/JNJ.N?date=11212018",146.23,141.99,2,0,0,0.0289954181768446,1
"28",2018-11-23,"AMZN","https://www.nasdaq.com/symbol/amzn/historical","https://www.reuters.com/finance/stocks/company-news/AMZN.OQ?date=11232018",1517,1502.06,0,1,1,0.00984838497033623,1
"29",2018-11-23,"GM","https://www.nasdaq.com/symbol/gm/historical","https://www.reuters.com/finance/stocks/company-news/GM.N?date=11232018",35.33,35.93,0,0,1,-0.0169827342202095,-1
"30",2018-11-23,"GOOGL","https://www.nasdaq.com/symbol/googl/historical","https://www.reuters.com/finance/stocks/company-news/GOOGL.OQ?date=11232018",1033.5,1030.1,0,1,1,0.00328979196903734,1
"31",2018-11-26,"AAPL","https://www.nasdaq.com/symbol/aapl/historical","https://www.reuters.com/finance/stocks/company-news/AAPL.OQ?date=11262018",174.24,174.62,7,0,1,-0.00218089990817261,-1
"32",2018-11-26,"AMZN","https://www.nasdaq.com/symbol/amzn/historical","https://www.reuters.com/finance/stocks/company-news/AMZN.OQ?date=11262018",1539,1581.33,0,0,1,-0.0275048732943469,-1
"33",2018-11-26,"GM","https://www.nasdaq.com/symbol/gm/historical","https://www.reuters.com/finance/stocks/company-news/GM.N?date=11262018",36.14,37.65,5,0,4,-0.041781959048146,-1
"34",2018-11-26,"GOOGL","https://www.nasdaq.com/symbol/googl/historical","https://www.reuters.com/finance/stocks/company-news/GOOGL.OQ?date=11262018",1044,1055.94,0,0,1,-0.0114367816091955,-1
"35",2018-11-26,"MSFT","https://www.nasdaq.com/symbol/msft/historical","https://www.reuters.com/finance/stocks/company-news/MSFT.OQ?date=11262018",104.79,106.47,0,0,3,-0.0160320641282564,-1
"36",2018-11-27,"AAPL","https://www.nasdaq.com/symbol/aapl/historical","https://www.reuters.com/finance/stocks/company-news/AAPL.OQ?date=11272018",171.51,174.24,0,3,1,-0.0159174392163723,-1
"37",2018-11-27,"AMZN","https://www.nasdaq.com/symbol/amzn/historical","https://www.reuters.com/finance/stocks/company-news/AMZN.OQ?date=11272018",1575.99,1581.42,2,0,5,-0.0034454533340948,-1
"38",2018-11-27,"FB","https://www.nasdaq.com/symbol/fb/historical","https://www.reuters.com/finance/stocks/company-news/FB.OQ?date=11272018",135.75,135,1,0,1,0.00552486187845304,1
"39",2018-11-27,"GM","https://www.nasdaq.com/symbol/gm/historical","https://www.reuters.com/finance/stocks/company-news/GM.N?date=11272018",37.27,36.69,0,0,2,0.0155621143010466,1
"40",2018-11-27,"GOOGL","https://www.nasdaq.com/symbol/googl/historical","https://www.reuters.com/finance/stocks/company-news/GOOGL.OQ?date=11272018",1051.34,1052.28,0,3,2,-0.0008940970570891,-1
"41",2018-11-27,"LMT","https://www.nasdaq.com/symbol/lmt/historical","https://www.reuters.com/finance/stocks/company-news/LMT.N?date=11272018",293.9,295.29,1,0,0,-0.00472949982987425,-1
"42",2018-11-27,"TSLA","https://www.nasdaq.com/symbol/tsla/historical","https://www.reuters.com/finance/stocks/company-news/TSLA.OQ?date=11272018",340.05,343.92,0,0,4,-0.0113806793118659,-1
"43",2018-11-28,"AAPL","https://www.nasdaq.com/symbol/aapl/historical","https://www.reuters.com/finance/stocks/company-news/AAPL.OQ?date=11282018",176.73,180.94,0,0,4,-0.0238216488428677,-1
"44",2018-11-28,"AMZN","https://www.nasdaq.com/symbol/amzn/historical","https://www.reuters.com/finance/stocks/company-news/AMZN.OQ?date=11282018",1613.92,1677.75,0,2,2,-0.0395496678893625,-1
"45",2018-11-28,"FB","https://www.nasdaq.com/symbol/fb/historical","https://www.reuters.com/finance/stocks/company-news/FB.OQ?date=11282018",136.28,136.76,1,0,1,-0.00352216025829168,-1
"46",2018-11-28,"GM","https://www.nasdaq.com/symbol/gm/historical","https://www.reuters.com/finance/stocks/company-news/GM.N?date=11282018",36.76,36.95,1,4,3,-0.00516866158868348,-1
"47",2018-11-28,"GOOGL","https://www.nasdaq.com/symbol/googl/historical","https://www.reuters.com/finance/stocks/company-news/GOOGL.OQ?date=11282018",1057.46,1091.79,0,0,3,-0.0324645849488396,-1
"48",2018-11-28,"LMT","https://www.nasdaq.com/symbol/lmt/historical","https://www.reuters.com/finance/stocks/company-news/LMT.N?date=11282018",297.85,299.94,0,1,0,-0.00701695484304172,-1
"49",2018-11-28,"MSFT","https://www.nasdaq.com/symbol/msft/historical","https://www.reuters.com/finance/stocks/company-news/MSFT.OQ?date=11282018",107.89,111.12,0,0,2,-0.0299378997126704,-1
"50",2018-11-28,"TSLA","https://www.nasdaq.com/symbol/tsla/historical","https://www.reuters.com/finance/stocks/company-news/TSLA.OQ?date=11282018",345.99,347.87,0,2,1,-0.00543368305442352,-1
"51",2018-11-29,"AAPL","https://www.nasdaq.com/symbol/aapl/historical","https://www.reuters.com/finance/stocks/company-news/AAPL.OQ?date=11292018",182.66,179.55,0,1,0,0.0170261688382787,1
"52",2018-11-29,"AMZN","https://www.nasdaq.com/symbol/amzn/historical","https://www.reuters.com/finance/stocks/company-news/AMZN.OQ?date=11292018",1674.99,1673.57,1,2,5,0.000847766255320971,1
"53",2018-11-29,"CVS","https://www.nasdaq.com/symbol/cvs/historical","https://www.reuters.com/finance/stocks/company-news/CVS.N?date=11292018",80.69,80,0,0,1,0.0085512455074978,1
"54",2018-11-29,"FB","https://www.nasdaq.com/symbol/fb/historical","https://www.reuters.com/finance/stocks/company-news/FB.OQ?date=11292018",135.92,138.68,1,0,1,-0.0203060623896411,-1
"55",2018-11-29,"GM","https://www.nasdaq.com/symbol/gm/historical","https://www.reuters.com/finance/stocks/company-news/GM.N?date=11292018",36.79,36.76,2,0,1,0.000815438977983179,1
"56",2018-11-29,"GOOGL","https://www.nasdaq.com/symbol/googl/historical","https://www.reuters.com/finance/stocks/company-news/GOOGL.OQ?date=11292018",1083.53,1094.58,0,1,0,-0.0101981486437846,-1
"57",2018-11-29,"MSFT","https://www.nasdaq.com/symbol/msft/historical","https://www.reuters.com/finance/stocks/company-news/MSFT.OQ?date=11292018",110.33,110.19,3,0,0,0.0012689205111937,1
"58",2018-11-29,"TSLA","https://www.nasdaq.com/symbol/tsla/historical","https://www.reuters.com/finance/stocks/company-news/TSLA.OQ?date=11292018",347,341.17,0,0,1,0.0168011527377521,1
"59",2018-11-30,"AAPL","https://www.nasdaq.com/symbol/aapl/historical","https://www.reuters.com/finance/stocks/company-news/AAPL.OQ?date=11302018",180.29,178.58,0,0,2,0.00948471906373054,1
"60",2018-11-30,"AMZN","https://www.nasdaq.com/symbol/amzn/historical","https://www.reuters.com/finance/stocks/company-news/AMZN.OQ?date=11302018",1679.5,1690.17,0,0,2,-0.00635308127418879,-1
"61",2018-11-30,"CVS","https://www.nasdaq.com/symbol/cvs/historical","https://www.reuters.com/finance/stocks/company-news/CVS.N?date=11302018",79.76,80.2,1,0,0,-0.00551654964894681,-1
"62",2018-11-30,"FB","https://www.nasdaq.com/symbol/fb/historical","https://www.reuters.com/finance/stocks/company-news/FB.OQ?date=11302018",138.26,140.61,0,0,1,-0.0169969622450457,-1
"63",2018-11-30,"LMT","https://www.nasdaq.com/symbol/lmt/historical","https://www.reuters.com/finance/stocks/company-news/LMT.N?date=11302018",300.75,300.43,1,0,0,0.00106400665004154,1
"64",2018-11-30,"TSCO","https://www.nasdaq.com/symbol/tsco/historical","https://www.reuters.com/finance/stocks/company-news/TSCO.L?date=11302018",94.91,95.13,0,0,2,-0.00231798545990938,-1
"65",2018-11-30,"TSLA","https://www.nasdaq.com/symbol/tsla/historical","https://www.reuters.com/finance/stocks/company-news/TSLA.OQ?date=11302018",341.83,350.48,1,2,0,-0.0253049761577393,-1
"66",2018-12-03,"AAPL","https://www.nasdaq.com/symbol/aapl/historical","https://www.reuters.com/finance/stocks/company-news/AAPL.OQ?date=12032018",184.46,184.82,4,0,3,-0.00195164263254898,-1
"67",2018-12-03,"AMZN","https://www.nasdaq.com/symbol/amzn/historical","https://www.reuters.com/finance/stocks/company-news/AMZN.OQ?date=12032018",1769.46,1772.36,2,0,0,-0.00163891808800417,-1
"68",2018-12-03,"CVS","https://www.nasdaq.com/symbol/cvs/historical","https://www.reuters.com/finance/stocks/company-news/CVS.N?date=12032018",80.2,79.52,2,0,0,0.00847880299251879,1
"69",2018-12-03,"GM","https://www.nasdaq.com/symbol/gm/historical","https://www.reuters.com/finance/stocks/company-news/GM.N?date=12032018",39,38.45,0,0,1,0.014102564102564,1
"70",2018-12-03,"JNJ","https://www.nasdaq.com/symbol/jnj/historical","https://www.reuters.com/finance/stocks/company-news/JNJ.N?date=12032018",145.57,146.21,0,1,0,-0.00439651026997331,-1
"71",2018-12-03,"MSFT","https://www.nasdaq.com/symbol/msft/historical","https://www.reuters.com/finance/stocks/company-news/MSFT.OQ?date=12032018",113,112.09,3,0,0,0.00805309734513271,1
"72",2018-12-04,"AAPL","https://www.nasdaq.com/symbol/aapl/historical","https://www.reuters.com/finance/stocks/company-news/AAPL.OQ?date=12042018",180.95,176.69,0,2,1,0.0235424150317767,1
"73",2018-12-04,"AMZN","https://www.nasdaq.com/symbol/amzn/historical","https://www.reuters.com/finance/stocks/company-news/AMZN.OQ?date=12042018",1756,1668.4,1,6,0,0.049886104783599,1
"74",2018-12-04,"CVS","https://www.nasdaq.com/symbol/cvs/historical","https://www.reuters.com/finance/stocks/company-news/CVS.N?date=12042018",79.45,78.91,0,1,0,0.00679672750157339,1
"75",2018-12-04,"GM","https://www.nasdaq.com/symbol/gm/historical","https://www.reuters.com/finance/stocks/company-news/GM.N?date=12042018",38.22,36.52,0,1,0,0.0444793301936158,1
"76",2018-12-04,"GOOGL","https://www.nasdaq.com/symbol/googl/historical","https://www.reuters.com/finance/stocks/company-news/GOOGL.OQ?date=12042018",1112.99,1062.47,0,1,0,0.0453912434073981,1
"77",2018-12-04,"JNJ","https://www.nasdaq.com/symbol/jnj/historical","https://www.reuters.com/finance/stocks/company-news/JNJ.N?date=12042018",146.32,146.03,0,2,1,0.00198195735374516,1
"78",2018-12-04,"LMT","https://www.nasdaq.com/symbol/lmt/historical","https://www.reuters.com/finance/stocks/company-news/LMT.N?date=12042018",295.72,286.73,0,1,1,0.0304003787366428,1
"79",2018-12-04,"TSLA","https://www.nasdaq.com/symbol/tsla/historical","https://www.reuters.com/finance/stocks/company-news/TSLA.OQ?date=12042018",356.05,359.7,1,0,0,-0.0102513691897205,-1
"80",2018-12-06,"AAPL","https://www.nasdaq.com/symbol/aapl/historical","https://www.reuters.com/finance/stocks/company-news/AAPL.OQ?date=12062018",171.76,174.72,2,1,3,-0.0172333488588729,-1
"81",2018-12-06,"AMZN","https://www.nasdaq.com/symbol/amzn/historical","https://www.reuters.com/finance/stocks/company-news/AMZN.OQ?date=12062018",1614.87,1699.19,0,0,1,-0.0522147293590197,-1
"82",2018-12-06,"CVS","https://www.nasdaq.com/symbol/cvs/historical","https://www.reuters.com/finance/stocks/company-news/CVS.N?date=12062018",77.9,76.57,0,0,1,0.0170731707317075,1
"83",2018-12-06,"FB","https://www.nasdaq.com/symbol/fb/historical","https://www.reuters.com/finance/stocks/company-news/FB.OQ?date=12062018",133.82,139.63,2,1,2,-0.0434165296667165,-1
"84",2018-12-06,"FDX","https://www.nasdaq.com/symbol/fdx/historical","https://www.reuters.com/finance/stocks/company-news/FDX.N?date=12062018",212,215.06,0,0,1,-0.014433962264151,-1
"85",2018-12-06,"GM","https://www.nasdaq.com/symbol/gm/historical","https://www.reuters.com/finance/stocks/company-news/GM.N?date=12062018",35.74,35.7,1,0,0,0.00111919418019024,1
"86",2018-12-06,"JNJ","https://www.nasdaq.com/symbol/jnj/historical","https://www.reuters.com/finance/stocks/company-news/JNJ.N?date=12062018",144.5,145.91,0,0,2,-0.009757785467128,-1
"87",2018-12-06,"TSCO","https://www.nasdaq.com/symbol/tsco/historical","https://www.reuters.com/finance/stocks/company-news/TSCO.L?date=12062018",91.67,92.37,0,2,0,-0.00763608596051056,-1
"88",2018-12-06,"TSLA","https://www.nasdaq.com/symbol/tsla/historical","https://www.reuters.com/finance/stocks/company-news/TSLA.OQ?date=12062018",356.01,363.06,1,0,1,-0.0198028145276818,-1
"89",2018-12-06,"WMT","https://www.nasdaq.com/symbol/wmt/historical","https://www.reuters.com/finance/stocks/company-news/WMT.N?date=12062018",94.94,94.77,1,0,0,0.00179060459237415,1
"90",2018-12-07,"AMZN","https://www.nasdaq.com/symbol/amzn/historical","https://www.reuters.com/finance/stocks/company-news/AMZN.OQ?date=12072018",1705.07,1629.13,2,0,0,0.0445377609130416,1
"91",2018-12-07,"FB","https://www.nasdaq.com/symbol/fb/historical","https://www.reuters.com/finance/stocks/company-news/FB.OQ?date=12072018",139.25,137.42,0,1,1,0.0131418312387793,1
"92",2018-12-07,"TSLA","https://www.nasdaq.com/symbol/tsla/historical","https://www.reuters.com/finance/stocks/company-news/TSLA.OQ?date=12072018",369,357.965,0,0,1,0.0299051490514906,1
"93",2018-12-10,"AAPL","https://www.nasdaq.com/symbol/aapl/historical","https://www.reuters.com/finance/stocks/company-news/AAPL.OQ?date=12102018",165,169.6,2,4,2,-0.0278787878787878,-1
"94",2018-12-10,"AMZN","https://www.nasdaq.com/symbol/amzn/historical","https://www.reuters.com/finance/stocks/company-news/AMZN.OQ?date=12102018",1623.84,1641.03,0,4,0,-0.0105860183269288,-1
"95",2018-12-10,"FB","https://www.nasdaq.com/symbol/fb/historical","https://www.reuters.com/finance/stocks/company-news/FB.OQ?date=12102018",139.6,141.85,1,0,2,-0.0161174785100287,-1
"96",2018-12-10,"GOOGL","https://www.nasdaq.com/symbol/googl/historical","https://www.reuters.com/finance/stocks/company-news/GOOGL.OQ?date=12102018",1042.94,1053.18,1,2,4,-0.00981839799029667,-1
"97",2018-12-10,"LMT","https://www.nasdaq.com/symbol/lmt/historical","https://www.reuters.com/finance/stocks/company-news/LMT.N?date=12102018",289.93,298.4,0,0,1,-0.0292139481943916,-1
"98",2018-12-10,"TSLA","https://www.nasdaq.com/symbol/tsla/historical","https://www.reuters.com/finance/stocks/company-news/TSLA.OQ?date=12102018",360,365.15,0,0,1,-0.0143055555555555,-1
"99",2018-12-11,"AAPL","https://www.nasdaq.com/symbol/aapl/historical","https://www.reuters.com/finance/stocks/company-news/AAPL.OQ?date=12112018",171.66,168.63,2,2,1,0.017651170919259,1
"100",2018-12-11,"AMZN","https://www.nasdaq.com/symbol/amzn/historical","https://www.reuters.com/finance/stocks/company-news/AMZN.OQ?date=12112018",1678,1643.24,1,0,0,0.020715137067938,1
"101",2018-12-11,"GM","https://www.nasdaq.com/symbol/gm/historical","https://www.reuters.com/finance/stocks/company-news/GM.N?date=12112018",35.55,34.69,0,0,1,0.0241912798874824,1
"102",2018-12-12,"AMZN","https://www.nasdaq.com/symbol/amzn/historical","https://www.reuters.com/finance/stocks/company-news/AMZN.OQ?date=12122018",1669,1663.54,1,0,4,0.00327142001198325,1
"103",2018-12-12,"FB","https://www.nasdaq.com/symbol/fb/historical","https://www.reuters.com/finance/stocks/company-news/FB.OQ?date=12122018",143.08,144.5,0,1,1,-0.00992451775230631,-1
"104",2018-12-12,"JNJ","https://www.nasdaq.com/symbol/jnj/historical","https://www.reuters.com/finance/stocks/company-news/JNJ.N?date=12122018",147,147.1,1,0,0,-0.000680272108843499,-1
"105",2018-12-13,"AAPL","https://www.nasdaq.com/symbol/aapl/historical","https://www.reuters.com/finance/stocks/company-news/AAPL.OQ?date=12132018",170.49,170.95,3,0,5,-0.00269810546073071,-1
"106",2018-12-13,"AMZN","https://www.nasdaq.com/symbol/amzn/historical","https://www.reuters.com/finance/stocks/company-news/AMZN.OQ?date=12132018",1680,1658.38,1,0,6,0.0128690476190476,1
"107",2018-12-13,"WMT","https://www.nasdaq.com/symbol/wmt/historical","https://www.reuters.com/finance/stocks/company-news/WMT.N?date=12132018",93.25,92.96,0,1,1,0.00310991957104564,1
"108",2018-12-14,"AAPL","https://www.nasdaq.com/symbol/aapl/historical","https://www.reuters.com/finance/stocks/company-news/AAPL.OQ?date=12142018",169,165.48,1,1,3,0.020828402366864,1
"109",2018-12-14,"AMZN","https://www.nasdaq.com/symbol/amzn/historical","https://www.reuters.com/finance/stocks/company-news/AMZN.OQ?date=12142018",1638,1591.91,1,0,0,0.0281379731379731,1
"110",2018-12-14,"FB","https://www.nasdaq.com/symbol/fb/historical","https://www.reuters.com/finance/stocks/company-news/FB.OQ?date=12142018",143.34,144.06,1,1,1,-0.00502302218501464,-1
"111",2018-12-14,"GM","https://www.nasdaq.com/symbol/gm/historical","https://www.reuters.com/finance/stocks/company-news/GM.N?date=12142018",35,35.1,0,2,0,-0.0028571428571429,-1
"112",2018-12-14,"JNJ","https://www.nasdaq.com/symbol/jnj/historical","https://www.reuters.com/finance/stocks/company-news/JNJ.N?date=12142018",144.34,133,0,3,4,0.0785645004849661,1
"113",2018-12-14,"WMT","https://www.nasdaq.com/symbol/wmt/historical","https://www.reuters.com/finance/stocks/company-news/WMT.N?date=12142018",92.05,91.85,0,2,0,0.00217273221075506,1
"114",2018-12-17,"AAPL","https://www.nasdaq.com/symbol/aapl/historical","https://www.reuters.com/finance/stocks/company-news/AAPL.OQ?date=12172018",165.45,163.94,0,0,2,0.00912662435781197,1
"115",2018-12-17,"AMZN","https://www.nasdaq.com/symbol/amzn/historical","https://www.reuters.com/finance/stocks/company-news/AMZN.OQ?date=12172018",1566,1520.91,0,0,1,0.0287931034482758,1
"116",2018-12-17,"FB","https://www.nasdaq.com/symbol/fb/historical","https://www.reuters.com/finance/stocks/company-news/FB.OQ?date=12172018",143.08,140.19,0,0,1,0.0201984903550462,1
"117",2018-12-17,"JNJ","https://www.nasdaq.com/symbol/jnj/historical","https://www.reuters.com/finance/stocks/company-news/JNJ.N?date=12172018",128.32,129.14,1,2,3,-0.00639027431421441,-1
"118",2018-12-18,"AAPL","https://www.nasdaq.com/symbol/aapl/historical","https://www.reuters.com/finance/stocks/company-news/AAPL.OQ?date=12182018",165.38,166.07,4,2,0,-0.00417220945700809,-1
"119",2018-12-18,"AMZN","https://www.nasdaq.com/symbol/amzn/historical","https://www.reuters.com/finance/stocks/company-news/AMZN.OQ?date=12182018",1540,1551.48,2,2,2,-0.00745454545454547,-1
"120",2018-12-18,"CVS","https://www.nasdaq.com/symbol/cvs/historical","https://www.reuters.com/finance/stocks/company-news/CVS.N?date=12182018",71.37,69.56,1,0,0,0.0253607958525992,1
"121",2018-12-18,"FB","https://www.nasdaq.com/symbol/fb/historical","https://www.reuters.com/finance/stocks/company-news/FB.OQ?date=12182018",141.08,143.66,0,1,0,-0.0182874964559114,-1
"122",2018-12-18,"GM","https://www.nasdaq.com/symbol/gm/historical","https://www.reuters.com/finance/stocks/company-news/GM.N?date=12182018",35.02,34.9,0,0,1,0.00342661336379225,1
"123",2018-12-18,"JNJ","https://www.nasdaq.com/symbol/jnj/historical","https://www.reuters.com/finance/stocks/company-news/JNJ.N?date=12182018",132.05,130.42,3,1,1,0.0123438091631959,1
"124",2018-12-18,"LMT","https://www.nasdaq.com/symbol/lmt/historical","https://www.reuters.com/finance/stocks/company-news/LMT.N?date=12182018",281.55,279.47,1,0,1,0.00738767536849577,1
"125",2018-12-19,"AAPL","https://www.nasdaq.com/symbol/aapl/historical","https://www.reuters.com/finance/stocks/company-news/AAPL.OQ?date=12192018",166,160.89,0,2,0,0.0307831325301206,1
"126",2018-12-19,"AMZN","https://www.nasdaq.com/symbol/amzn/historical","https://www.reuters.com/finance/stocks/company-news/AMZN.OQ?date=12192018",1543.05,1495.08,1,0,0,0.0310877806940799,1
"127",2018-12-19,"FB","https://www.nasdaq.com/symbol/fb/historical","https://www.reuters.com/finance/stocks/company-news/FB.OQ?date=12192018",141.21,133.24,2,0,1,0.0564407619856951,1
"128",2018-12-19,"FDX","https://www.nasdaq.com/symbol/fdx/historical","https://www.reuters.com/finance/stocks/company-news/FDX.N?date=12192018",169.22,162.51,2,0,1,0.0396525233423946,1
"129",2018-12-19,"JNJ","https://www.nasdaq.com/symbol/jnj/historical","https://www.reuters.com/finance/stocks/company-news/JNJ.N?date=12192018",129.87,127.61,0,0,4,0.0174020174020174,1
"130",2018-12-19,"TSLA","https://www.nasdaq.com/symbol/tsla/historical","https://www.reuters.com/finance/stocks/company-news/TSLA.OQ?date=12192018",337.6,332.97,0,0,1,0.0137144549763033,1
"131",2018-12-20,"AAPL","https://www.nasdaq.com/symbol/aapl/historical","https://www.reuters.com/finance/stocks/company-news/AAPL.OQ?date=12202018",160.4,156.83,0,0,3,0.0222568578553616,1
"132",2018-12-20,"AMZN","https://www.nasdaq.com/symbol/amzn/historical","https://www.reuters.com/finance/stocks/company-news/AMZN.OQ?date=12202018",1484,1460.83,0,2,1,0.0156132075471699,1
"133",2018-12-20,"FB","https://www.nasdaq.com/symbol/fb/historical","https://www.reuters.com/finance/stocks/company-news/FB.OQ?date=12202018",130.7,133.4,0,2,1,-0.0206579954093345,-1
"134",2018-12-20,"GM","https://www.nasdaq.com/symbol/gm/historical","https://www.reuters.com/finance/stocks/company-news/GM.N?date=12202018",34.93,34.27,2,1,0,0.0188949327225879,1
"135",2018-12-20,"GOOGL","https://www.nasdaq.com/symbol/googl/historical","https://www.reuters.com/finance/stocks/company-news/GOOGL.OQ?date=12202018",1026,1023.58,0,1,0,0.00235867446393758,1
"136",2018-12-20,"JNJ","https://www.nasdaq.com/symbol/jnj/historical","https://www.reuters.com/finance/stocks/company-news/JNJ.N?date=12202018",127.72,128.27,1,0,5,-0.00430629502035712,-1
"137",2018-12-20,"LMT","https://www.nasdaq.com/symbol/lmt/historical","https://www.reuters.com/finance/stocks/company-news/LMT.N?date=12202018",271.99,265.29,0,0,4,0.0246332585756829,1
"138",2018-12-20,"TSLA","https://www.nasdaq.com/symbol/tsla/historical","https://www.reuters.com/finance/stocks/company-news/TSLA.OQ?date=12202018",327.054,315.38,0,0,2,0.0356944113204547,1
"139",2018-12-21,"AMZN","https://www.nasdaq.com/symbol/amzn/historical","https://www.reuters.com/finance/stocks/company-news/AMZN.OQ?date=12212018",1464.99,1377.45,2,0,0,0.0597546740933385,1
"140",2018-12-21,"JNJ","https://www.nasdaq.com/symbol/jnj/historical","https://www.reuters.com/finance/stocks/company-news/JNJ.N?date=12212018",127.8,128.09,3,2,0,-0.00226917057902978,-1
"141",2018-12-21,"TSLA","https://www.nasdaq.com/symbol/tsla/historical","https://www.reuters.com/finance/stocks/company-news/TSLA.OQ?date=12212018",317.4,319.77,1,0,0,-0.00746691871455578,-1
"142",2018-12-26,"AMZN","https://www.nasdaq.com/symbol/amzn/historical","https://www.reuters.com/finance/stocks/company-news/AMZN.OQ?date=12262018",1368.89,1470.9,3,0,3,-0.0745202317205911,-1
"143",2018-12-26,"FB","https://www.nasdaq.com/symbol/fb/historical","https://www.reuters.com/finance/stocks/company-news/FB.OQ?date=12262018",126,134.18,0,0,1,-0.064920634920635,-1
"144",2018-12-27,"FB","https://www.nasdaq.com/symbol/fb/historical","https://www.reuters.com/finance/stocks/company-news/FB.OQ?date=12272018",132.44,134.52,0,1,0,-0.0157052250075507,-1
"145",2018-12-27,"LMT","https://www.nasdaq.com/symbol/lmt/historical","https://www.reuters.com/finance/stocks/company-news/LMT.N?date=12272018",249.25,259.79,0,0,1,-0.0422868605817453,-1
"146",2018-12-27,"MSFT","https://www.nasdaq.com/symbol/msft/historical","https://www.reuters.com/finance/stocks/company-news/MSFT.OQ?date=12272018",99.3,101.18,0,2,0,-0.0189325276938571,-1
"147",2018-12-27,"TSLA","https://www.nasdaq.com/symbol/tsla/historical","https://www.reuters.com/finance/stocks/company-news/TSLA.OQ?date=12272018",319.84,316.13,0,1,2,0.0115995497748874,1
"148",2018-12-28,"AMZN","https://www.nasdaq.com/symbol/amzn/historical","https://www.reuters.com/finance/stocks/company-news/AMZN.OQ?date=12282018",1473.35,1478.02,0,0,2,-0.00316964740217876,-1
"149",2018-12-28,"TSLA","https://www.nasdaq.com/symbol/tsla/historical","https://www.reuters.com/finance/stocks/company-news/TSLA.OQ?date=12282018",323.1,333.87,1,0,1,-0.0333333333333333,-1
"150",2018-12-31,"AAPL","https://www.nasdaq.com/symbol/aapl/historical","https://www.reuters.com/finance/stocks/company-news/AAPL.OQ?date=12312018",158.53,157.74,0,1,0,0.00498328392102436,1
"151",2018-12-31,"AMZN","https://www.nasdaq.com/symbol/amzn/historical","https://www.reuters.com/finance/stocks/company-news/AMZN.OQ?date=12312018",1510.8,1501.97,0,0,1,0.00584458564998671,1
"152",2018-12-31,"TSLA","https://www.nasdaq.com/symbol/tsla/historical","https://www.reuters.com/finance/stocks/company-news/TSLA.OQ?date=12312018",337.79,332.8,0,0,2,0.0147724917848368,1
"153",2019-01-02,"AAPL","https://www.nasdaq.com/symbol/aapl/historical","https://www.reuters.com/finance/stocks/company-news/AAPL.OQ?date=01022019",154.89,157.92,0,4,1,-0.0195622699980631,-1
"154",2019-01-02,"AMZN","https://www.nasdaq.com/symbol/amzn/historical","https://www.reuters.com/finance/stocks/company-news/AMZN.OQ?date=01022019",1465.2,1539.13,0,1,2,-0.0504572754572755,-1
"155",2019-01-02,"GM","https://www.nasdaq.com/symbol/gm/historical","https://www.reuters.com/finance/stocks/company-news/GM.N?date=01022019",32.85,33.64,0,0,2,-0.024048706240487,-1
"156",2019-01-02,"MSFT","https://www.nasdaq.com/symbol/msft/historical","https://www.reuters.com/finance/stocks/company-news/MSFT.OQ?date=01022019",99.55,101.12,0,0,2,-0.0157709693621297,-1
"157",2019-01-02,"TSLA","https://www.nasdaq.com/symbol/tsla/historical","https://www.reuters.com/finance/stocks/company-news/TSLA.OQ?date=01022019",306.1,310.12,0,0,3,-0.0131329630839594,-1
"158",2019-01-03,"AAPL","https://www.nasdaq.com/symbol/aapl/historical","https://www.reuters.com/finance/stocks/company-news/AAPL.OQ?date=01032019",143.98,142.19,0,7,3,0.0124322822614251,1
"159",2019-01-03,"GM","https://www.nasdaq.com/symbol/gm/historical","https://www.reuters.com/finance/stocks/company-news/GM.N?date=01032019",33.34,32.25,1,5,2,0.0326934613077385,1
"160",2019-01-03,"GOOGL","https://www.nasdaq.com/symbol/googl/historical","https://www.reuters.com/finance/stocks/company-news/GOOGL.OQ?date=01032019",1050.67,1025.47,0,0,2,0.0239846954800271,1
"161",2019-01-03,"JNJ","https://www.nasdaq.com/symbol/jnj/historical","https://www.reuters.com/finance/stocks/company-news/JNJ.N?date=01032019",128.135,125.72,0,0,1,0.0188473094782846,1
"162",2019-01-03,"TSLA","https://www.nasdaq.com/symbol/tsla/historical","https://www.reuters.com/finance/stocks/company-news/TSLA.OQ?date=01032019",307,300.36,0,1,0,0.021628664495114,1
"163",2019-01-04,"AAPL","https://www.nasdaq.com/symbol/aapl/historical","https://www.reuters.com/finance/stocks/company-news/AAPL.OQ?date=01042019",144.53,148.26,5,0,5,-0.0258077907700823,-1
"164",2019-01-04,"TSLA","https://www.nasdaq.com/symbol/tsla/historical","https://www.reuters.com/finance/stocks/company-news/TSLA.OQ?date=01042019",306,317.69,0,0,2,-0.038202614379085,-1
"165",2019-01-07,"AAPL","https://www.nasdaq.com/symbol/aapl/historical","https://www.reuters.com/finance/stocks/company-news/AAPL.OQ?date=01072019",148.7,147.93,0,2,4,0.00517821116341615,1
"166",2019-01-07,"AMZN","https://www.nasdaq.com/symbol/amzn/historical","https://www.reuters.com/finance/stocks/company-news/AMZN.OQ?date=01072019",1602.31,1629.51,1,0,3,-0.0169754916339535,-1
"167",2019-01-07,"GM","https://www.nasdaq.com/symbol/gm/historical","https://www.reuters.com/finance/stocks/company-news/GM.N?date=01072019",33.71,34.36,0,0,1,-0.0192821121328982,-1
"168",2019-01-07,"GOOGL","https://www.nasdaq.com/symbol/googl/historical","https://www.reuters.com/finance/stocks/company-news/GOOGL.OQ?date=01072019",1080.97,1075.92,1,0,0,0.00467173002025954,1
"169",2019-01-07,"TSLA","https://www.nasdaq.com/symbol/tsla/historical","https://www.reuters.com/finance/stocks/company-news/TSLA.OQ?date=01072019",321.72,334.96,0,2,0,-0.0411537983339548,-1
"170",2019-01-08,"AAPL","https://www.nasdaq.com/symbol/aapl/historical","https://www.reuters.com/finance/stocks/company-news/AAPL.OQ?date=01082019",149.56,150.75,2,1,6,-0.00795667290719442,-1
"171",2019-01-08,"FB","https://www.nasdaq.com/symbol/fb/historical","https://www.reuters.com/finance/stocks/company-news/FB.OQ?date=01082019",139.89,142.53,3,0,3,-0.018871970834227,-1
"172",2019-01-08,"GM","https://www.nasdaq.com/symbol/gm/historical","https://www.reuters.com/finance/stocks/company-news/GM.N?date=01082019",35,34.81,0,2,2,0.00542857142857136,1
"173",2019-01-08,"TSCO","https://www.nasdaq.com/symbol/tsco/historical","https://www.reuters.com/finance/stocks/company-news/TSCO.L?date=01082019",84.13,83.5,0,0,2,0.00748841079282058,1
"174",2019-01-08,"TSLA","https://www.nasdaq.com/symbol/tsla/historical","https://www.reuters.com/finance/stocks/company-news/TSLA.OQ?date=01082019",341.96,335.35,0,0,2,0.0193297461691425,1
"175",2019-01-08,"WMT","https://www.nasdaq.com/symbol/wmt/historical","https://www.reuters.com/finance/stocks/company-news/WMT.N?date=01082019",95.06,95.2,0,0,1,-0.00147275405007364,-1
"176",2019-01-09,"AAPL","https://www.nasdaq.com/symbol/aapl/historical","https://www.reuters.com/finance/stocks/company-news/AAPL.OQ?date=01092019",151.29,153.31,3,2,3,-0.0133518408354816,-1
"177",2019-01-09,"AMZN","https://www.nasdaq.com/symbol/amzn/historical","https://www.reuters.com/finance/stocks/company-news/AMZN.OQ?date=01092019",1652.98,1659.42,0,0,2,-0.00389599390192262,-1
"178",2019-01-09,"GM","https://www.nasdaq.com/symbol/gm/historical","https://www.reuters.com/finance/stocks/company-news/GM.N?date=01092019",34.96,35.18,0,0,2,-0.00629290617848967,-1
"179",2019-01-09,"TSCO","https://www.nasdaq.com/symbol/tsco/historical","https://www.reuters.com/finance/stocks/company-news/TSCO.L?date=01092019",84.08,84.62,0,0,1,-0.00642245480494774,-1
"180",2019-01-09,"TSLA","https://www.nasdaq.com/symbol/tsla/historical","https://www.reuters.com/finance/stocks/company-news/TSLA.OQ?date=01092019",335.5,338.53,0,1,2,-0.0090312965722801,-1
"181",2019-01-09,"WMT","https://www.nasdaq.com/symbol/wmt/historical","https://www.reuters.com/finance/stocks/company-news/WMT.N?date=01092019",95.71,94.89,0,0,1,0.00856754780064772,1
"182",2019-01-10,"AAPL","https://www.nasdaq.com/symbol/aapl/historical","https://www.reuters.com/finance/stocks/company-news/AAPL.OQ?date=01102019",152.5,153.8,2,0,1,-0.0085245901639345,-1
"183",2019-01-10,"AMZN","https://www.nasdaq.com/symbol/amzn/historical","https://www.reuters.com/finance/stocks/company-news/AMZN.OQ?date=01102019",1641.01,1656.22,4,1,2,-0.00926868209212621,-1
"184",2019-01-10,"GM","https://www.nasdaq.com/symbol/gm/historical","https://www.reuters.com/finance/stocks/company-news/GM.N?date=01102019",35,34.73,0,0,1,0.0077142857142858,1
"185",2019-01-10,"TSCO","https://www.nasdaq.com/symbol/tsco/historical","https://www.reuters.com/finance/stocks/company-news/TSCO.L?date=01102019",83.58,84.67,4,0,1,-0.0130413974635081,-1
"186",2019-01-11,"AAPL","https://www.nasdaq.com/symbol/aapl/historical","https://www.reuters.com/finance/stocks/company-news/AAPL.OQ?date=01112019",152.88,152.29,2,1,8,0.00385923600209317,1
"187",2019-01-11,"GM","https://www.nasdaq.com/symbol/gm/historical","https://www.reuters.com/finance/stocks/company-news/GM.N?date=01112019",36.6,37.18,1,1,2,-0.0158469945355191,-1
"188",2019-01-11,"GOOGL","https://www.nasdaq.com/symbol/googl/historical","https://www.reuters.com/finance/stocks/company-news/GOOGL.OQ?date=01112019",1069.9,1064.47,0,1,2,0.00507524067669882,1
"189",2019-01-11,"MSFT","https://www.nasdaq.com/symbol/msft/historical","https://www.reuters.com/finance/stocks/company-news/MSFT.OQ?date=01112019",103.19,102.8,0,1,1,0.00377943599185968,1
"190",2019-01-11,"TSLA","https://www.nasdaq.com/symbol/tsla/historical","https://www.reuters.com/finance/stocks/company-news/TSLA.OQ?date=01112019",342.09,347.26,0,0,1,-0.0151129819638107,-1
"191",2019-01-14,"AAPL","https://www.nasdaq.com/symbol/aapl/historical","https://www.reuters.com/finance/stocks/company-news/AAPL.OQ?date=01142019",150.85,150,0,2,0,0.00563473649320513,1
"192",2019-01-14,"FDX","https://www.nasdaq.com/symbol/fdx/historical","https://www.reuters.com/finance/stocks/company-news/FDX.N?date=01142019",169.87,171.55,0,2,0,-0.00988991581797849,-1
"193",2019-01-14,"GM","https://www.nasdaq.com/symbol/gm/historical","https://www.reuters.com/finance/stocks/company-news/GM.N?date=01142019",37.25,37.66,1,0,0,-0.0110067114093959,-1
"194",2019-01-14,"JNJ","https://www.nasdaq.com/symbol/jnj/historical","https://www.reuters.com/finance/stocks/company-news/JNJ.N?date=01142019",128.74,128.28,0,0,1,0.00357309305577138,1
"195",2019-01-15,"AAPL","https://www.nasdaq.com/symbol/aapl/historical","https://www.reuters.com/finance/stocks/company-news/AAPL.OQ?date=01152019",150.27,153.07,7,2,0,-0.0186331270379982,-1
"196",2019-01-15,"CVS","https://www.nasdaq.com/symbol/cvs/historical","https://www.reuters.com/finance/stocks/company-news/CVS.N?date=01152019",64.68,63.74,0,2,0,0.0145330859616575,1
"197",2019-01-15,"FB","https://www.nasdaq.com/symbol/fb/historical","https://www.reuters.com/finance/stocks/company-news/FB.OQ?date=01152019",146.01,148.95,1,0,0,-0.0201356071501952,-1
"198",2019-01-15,"GM","https://www.nasdaq.com/symbol/gm/historical","https://www.reuters.com/finance/stocks/company-news/GM.N?date=01152019",37.84,37.55,0,1,0,0.00766384778012701,1
"199",2019-01-15,"MSFT","https://www.nasdaq.com/symbol/msft/historical","https://www.reuters.com/finance/stocks/company-news/MSFT.OQ?date=01152019",102.51,105.01,0,0,1,-0.0243878645985757,-1
"200",2019-01-15,"WMT","https://www.nasdaq.com/symbol/wmt/historical","https://www.reuters.com/finance/stocks/company-news/WMT.N?date=01152019",95.47,96.25,0,2,0,-0.00817010579239553,-1
"201",2019-01-16,"AAPL","https://www.nasdaq.com/symbol/aapl/historical","https://www.reuters.com/finance/stocks/company-news/AAPL.OQ?date=01162019",153.08,154.94,2,0,1,-0.0121505095374966,-1
"202",2019-01-16,"AMZN","https://www.nasdaq.com/symbol/amzn/historical","https://www.reuters.com/finance/stocks/company-news/AMZN.OQ?date=01162019",1684.22,1683.78,0,0,1,0.000261248530477048,1
"203",2019-01-16,"FB","https://www.nasdaq.com/symbol/fb/historical","https://www.reuters.com/finance/stocks/company-news/FB.OQ?date=01162019",149,147.54,0,0,1,0.00979865771812086,1
"204",2019-01-16,"GM","https://www.nasdaq.com/symbol/gm/historical","https://www.reuters.com/finance/stocks/company-news/GM.N?date=01162019",37.48,37.67,2,0,1,-0.00506937033084325,-1
"205",2019-01-16,"LMT","https://www.nasdaq.com/symbol/lmt/historical","https://www.reuters.com/finance/stocks/company-news/LMT.N?date=01162019",275.4,272.39,1,0,0,0.0109295570079883,1
"206",2019-01-17,"AAPL","https://www.nasdaq.com/symbol/aapl/historical","https://www.reuters.com/finance/stocks/company-news/AAPL.OQ?date=01172019",154.2,155.86,0,1,0,-0.0107652399481195,-1
"207",2019-01-17,"AMZN","https://www.nasdaq.com/symbol/amzn/historical","https://www.reuters.com/finance/stocks/company-news/AMZN.OQ?date=01172019",1680,1693.22,0,0,2,-0.00786904761904763,-1
"208",2019-01-17,"LMT","https://www.nasdaq.com/symbol/lmt/historical","https://www.reuters.com/finance/stocks/company-news/LMT.N?date=01172019",271.17,278.8,1,2,2,-0.0281373308256813,-1
"209",2019-01-17,"MSFT","https://www.nasdaq.com/symbol/msft/historical","https://www.reuters.com/finance/stocks/company-news/MSFT.OQ?date=01172019",105,106.12,0,0,1,-0.0106666666666667,-1
"210",2019-01-17,"TSLA","https://www.nasdaq.com/symbol/tsla/historical","https://www.reuters.com/finance/stocks/company-news/TSLA.OQ?date=01172019",346.21,347.31,0,1,0,-0.003177262355218,-1
"211",2019-01-17,"WMT","https://www.nasdaq.com/symbol/wmt/historical","https://www.reuters.com/finance/stocks/company-news/WMT.N?date=01172019",96.32,96.74,0,0,1,-0.00436046511627909,-1
"212",2019-01-18,"AAPL","https://www.nasdaq.com/symbol/aapl/historical","https://www.reuters.com/finance/stocks/company-news/AAPL.OQ?date=01182019",157.5,156.82,0,3,2,0.00431746031746036,1
"213",2019-01-18,"AMZN","https://www.nasdaq.com/symbol/amzn/historical","https://www.reuters.com/finance/stocks/company-news/AMZN.OQ?date=01182019",1712,1696.2,1,0,0,0.0092289719626168,1
"214",2019-01-18,"CVS","https://www.nasdaq.com/symbol/cvs/historical","https://www.reuters.com/finance/stocks/company-news/CVS.N?date=01182019",64.65,65.52,0,0,2,-0.0134570765661251,-1
"215",2019-01-18,"FB","https://www.nasdaq.com/symbol/fb/historical","https://www.reuters.com/finance/stocks/company-news/FB.OQ?date=01182019",149.75,150.04,1,0,0,-0.00193656093489143,-1
"216",2019-01-18,"FDX","https://www.nasdaq.com/symbol/fdx/historical","https://www.reuters.com/finance/stocks/company-news/FDX.N?date=01182019",175.18,176.91,0,0,2,-0.00987555657038469,-1
"217",2019-01-18,"TSCO","https://www.nasdaq.com/symbol/tsco/historical","https://www.reuters.com/finance/stocks/company-news/TSCO.L?date=01182019",89.03,89.48,0,0,1,-0.00505447601931936,-1
"218",2019-01-18,"TSLA","https://www.nasdaq.com/symbol/tsla/historical","https://www.reuters.com/finance/stocks/company-news/TSLA.OQ?date=01182019",323,302.26,2,0,2,0.0642105263157895,1
"219",2019-01-18,"WMT","https://www.nasdaq.com/symbol/wmt/historical","https://www.reuters.com/finance/stocks/company-news/WMT.N?date=01182019",96.95,97.73,0,0,4,-0.00804538421866943,-1
"220",2019-01-22,"AAPL","https://www.nasdaq.com/symbol/aapl/historical","https://www.reuters.com/finance/stocks/company-news/AAPL.OQ?date=01222019",156.41,153.3,1,0,3,0.0198836391535067,1
"221",2019-01-22,"AMZN","https://www.nasdaq.com/symbol/amzn/historical","https://www.reuters.com/finance/stocks/company-news/AMZN.OQ?date=01222019",1681,1632.17,0,2,0,0.0290481856038072,1
"222",2019-01-22,"GM","https://www.nasdaq.com/symbol/gm/historical","https://www.reuters.com/finance/stocks/company-news/GM.N?date=01222019",38.28,38.15,1,0,2,0.00339602925809829,1
"223",2019-01-22,"JNJ","https://www.nasdaq.com/symbol/jnj/historical","https://www.reuters.com/finance/stocks/company-news/JNJ.N?date=01222019",128.2,128.8,1,3,6,-0.00468018720748848,-1
"224",2019-01-22,"LMT","https://www.nasdaq.com/symbol/lmt/historical","https://www.reuters.com/finance/stocks/company-news/LMT.N?date=01222019",281.39,279.59,0,0,1,0.00639681580724266,1
"225",2019-01-22,"TSLA","https://www.nasdaq.com/symbol/tsla/historical","https://www.reuters.com/finance/stocks/company-news/TSLA.OQ?date=01222019",304.82,298.92,0,3,6,0.0193556853224853,1
"226",2019-01-23,"AAPL","https://www.nasdaq.com/symbol/aapl/historical","https://www.reuters.com/finance/stocks/company-news/AAPL.OQ?date=01232019",154.15,153.92,0,0,1,0.00149205319494011,1
"227",2019-01-23,"AMZN","https://www.nasdaq.com/symbol/amzn/historical","https://www.reuters.com/finance/stocks/company-news/AMZN.OQ?date=01232019",1656,1640.02,0,0,4,0.00964975845410629,1
"228",2019-01-23,"FB","https://www.nasdaq.com/symbol/fb/historical","https://www.reuters.com/finance/stocks/company-news/FB.OQ?date=01232019",148.28,144.3,2,0,6,0.0268411114108443,1
"229",2019-01-23,"JNJ","https://www.nasdaq.com/symbol/jnj/historical","https://www.reuters.com/finance/stocks/company-news/JNJ.N?date=01232019",128.5,128.8,3,0,1,-0.00233463035019464,-1
"230",2019-01-23,"MSFT","https://www.nasdaq.com/symbol/msft/historical","https://www.reuters.com/finance/stocks/company-news/MSFT.OQ?date=01232019",106.12,106.71,0,0,2,-0.00555974368639266,-1
"231",2019-01-23,"TSCO","https://www.nasdaq.com/symbol/tsco/historical","https://www.reuters.com/finance/stocks/company-news/TSCO.L?date=01232019",90,89.02,0,2,0,0.0108888888888889,1
"232",2019-01-23,"TSLA","https://www.nasdaq.com/symbol/tsla/historical","https://www.reuters.com/finance/stocks/company-news/TSLA.OQ?date=01232019",292.5,287.59,2,0,0,0.0167863247863249,1
"233",2019-01-24,"AAPL","https://www.nasdaq.com/symbol/aapl/historical","https://www.reuters.com/finance/stocks/company-news/AAPL.OQ?date=01242019",154.11,152.7,1,3,0,0.00914930893517633,1
"234",2019-01-24,"CVS","https://www.nasdaq.com/symbol/cvs/historical","https://www.reuters.com/finance/stocks/company-news/CVS.N?date=01242019",65.5,64.98,0,0,1,0.00793893129770986,1
"235",2019-01-24,"GM","https://www.nasdaq.com/symbol/gm/historical","https://www.reuters.com/finance/stocks/company-news/GM.N?date=01242019",37.76,38.16,0,0,1,-0.010593220338983,-1
"236",2019-01-24,"GOOGL","https://www.nasdaq.com/symbol/googl/historical","https://www.reuters.com/finance/stocks/company-news/GOOGL.OQ?date=01242019",1082.51,1084,0,0,1,-0.00137643070271869,-1
"237",2019-01-24,"MSFT","https://www.nasdaq.com/symbol/msft/historical","https://www.reuters.com/finance/stocks/company-news/MSFT.OQ?date=01242019",106.86,106.2,2,0,1,0.00617630544637841,1
"238",2019-01-25,"AAPL","https://www.nasdaq.com/symbol/aapl/historical","https://www.reuters.com/finance/stocks/company-news/AAPL.OQ?date=01252019",155.48,157.76,4,0,3,-0.0146642655003859,-1
"239",2019-01-25,"AMZN","https://www.nasdaq.com/symbol/amzn/historical","https://www.reuters.com/finance/stocks/company-news/AMZN.OQ?date=01252019",1670.5,1670.57,1,1,1,-4.19036216701205e-05,-1
"240",2019-01-25,"FB","https://www.nasdaq.com/symbol/fb/historical","https://www.reuters.com/finance/stocks/company-news/FB.OQ?date=01252019",147.48,149.01,2,0,1,-0.0103742880390562,-1
"241",2019-01-28,"AAPL","https://www.nasdaq.com/symbol/aapl/historical","https://www.reuters.com/finance/stocks/company-news/AAPL.OQ?date=01282019",155.79,156.3,0,1,1,-0.00327363758906232,-1
"242",2019-01-28,"FB","https://www.nasdaq.com/symbol/fb/historical","https://www.reuters.com/finance/stocks/company-news/FB.OQ?date=01282019",148.05,147.47,0,0,1,0.00391759540695719,1
"243",2019-01-28,"MSFT","https://www.nasdaq.com/symbol/msft/historical","https://www.reuters.com/finance/stocks/company-news/MSFT.OQ?date=01282019",106.26,105.08,0,1,0,0.0111048371917938,1
"244",2019-01-28,"TSCO","https://www.nasdaq.com/symbol/tsco/historical","https://www.reuters.com/finance/stocks/company-news/TSCO.L?date=01282019",88.92,89.11,0,1,1,-0.00213675213675211,-1
"245",2019-01-28,"TSLA","https://www.nasdaq.com/symbol/tsla/historical","https://www.reuters.com/finance/stocks/company-news/TSLA.OQ?date=01282019",292.91,296.38,0,4,0,-0.0118466423133385,-1
"246",2019-01-29,"AAPL","https://www.nasdaq.com/symbol/aapl/historical","https://www.reuters.com/finance/stocks/company-news/AAPL.OQ?date=01292019",156.25,154.68,1,2,7,0.010048,1
"247",2019-01-29,"AMZN","https://www.nasdaq.com/symbol/amzn/historical","https://www.reuters.com/finance/stocks/company-news/AMZN.OQ?date=01292019",1631.27,1593.88,0,0,1,0.0229207917757329,1
"248",2019-01-29,"CVS","https://www.nasdaq.com/symbol/cvs/historical","https://www.reuters.com/finance/stocks/company-news/CVS.N?date=01292019",65.46,65.54,1,0,0,-0.00122212037885751,-1
"249",2019-01-29,"FB","https://www.nasdaq.com/symbol/fb/historical","https://www.reuters.com/finance/stocks/company-news/FB.OQ?date=01292019",148.09,144.19,0,0,1,0.0263353366196232,1
"250",2019-01-29,"JNJ","https://www.nasdaq.com/symbol/jnj/historical","https://www.reuters.com/finance/stocks/company-news/JNJ.N?date=01292019",128.95,130.33,0,0,1,-0.0107018224117877,-1
"251",2019-01-29,"LMT","https://www.nasdaq.com/symbol/lmt/historical","https://www.reuters.com/finance/stocks/company-news/LMT.N?date=01292019",281.11,292.05,1,2,3,-0.0389171498701576,-1
"252",2019-01-30,"AAPL","https://www.nasdaq.com/symbol/aapl/historical","https://www.reuters.com/finance/stocks/company-news/AAPL.OQ?date=01302019",163.25,165.25,2,3,6,-0.0122511485451761,-1
"253",2019-01-30,"FB","https://www.nasdaq.com/symbol/fb/historical","https://www.reuters.com/finance/stocks/company-news/FB.OQ?date=01302019",146.22,150.42,0,2,2,-0.0287238407878538,-1
"254",2019-01-30,"GOOGL","https://www.nasdaq.com/symbol/googl/historical","https://www.reuters.com/finance/stocks/company-news/GOOGL.OQ?date=01302019",1077.36,1097.99,0,1,0,-0.0191486596866415,-1
"255",2019-01-30,"LMT","https://www.nasdaq.com/symbol/lmt/historical","https://www.reuters.com/finance/stocks/company-news/LMT.N?date=01302019",293.95,291.67,0,0,1,0.00775642116006114,1
"256",2019-01-30,"TSLA","https://www.nasdaq.com/symbol/tsla/historical","https://www.reuters.com/finance/stocks/company-news/TSLA.OQ?date=01302019",300.45,308.77,2,1,2,-0.0276917956398735,-1
"257",2019-01-31,"AMZN","https://www.nasdaq.com/symbol/amzn/historical","https://www.reuters.com/finance/stocks/company-news/AMZN.OQ?date=01312019",1692.85,1718.73,3,2,3,-0.0152878282186845,-1
"258",2019-01-31,"FB","https://www.nasdaq.com/symbol/fb/historical","https://www.reuters.com/finance/stocks/company-news/FB.OQ?date=01312019",165.6,166.69,5,0,3,-0.00658212560386476,-1
"259",2019-01-31,"GM","https://www.nasdaq.com/symbol/gm/historical","https://www.reuters.com/finance/stocks/company-news/GM.N?date=01312019",38.81,39.02,1,0,1,-0.00541097655243496,-1
"260",2019-01-31,"MSFT","https://www.nasdaq.com/symbol/msft/historical","https://www.reuters.com/finance/stocks/company-news/MSFT.OQ?date=01312019",103.8,104.43,0,1,0,-0.0060693641618498,-1
"261",2019-01-31,"TSLA","https://www.nasdaq.com/symbol/tsla/historical","https://www.reuters.com/finance/stocks/company-news/TSLA.OQ?date=01312019",301,307.02,2,2,2,-0.0199999999999999,-1
"262",2019-01-31,"WMT","https://www.nasdaq.com/symbol/wmt/historical","https://www.reuters.com/finance/stocks/company-news/WMT.N?date=01312019",94.63,95.83,0,1,0,-0.0126809679805559,-1
"263",2019-02-01,"AAPL","https://www.nasdaq.com/symbol/aapl/historical","https://www.reuters.com/finance/stocks/company-news/AAPL.OQ?date=02012019",166.96,166.52,1,2,0,0.00263536176329658,1
"264",2019-02-01,"AMZN","https://www.nasdaq.com/symbol/amzn/historical","https://www.reuters.com/finance/stocks/company-news/AMZN.OQ?date=02012019",1638.88,1626.23,2,0,6,0.00771868593185596,1
"265",2019-02-01,"FB","https://www.nasdaq.com/symbol/fb/historical","https://www.reuters.com/finance/stocks/company-news/FB.OQ?date=02012019",165.84,165.71,0,0,1,0.000783888084901082,1
"266",2019-02-01,"GM","https://www.nasdaq.com/symbol/gm/historical","https://www.reuters.com/finance/stocks/company-news/GM.N?date=02012019",38.91,38.78,0,2,0,0.00334104343356452,1
"267",2019-02-01,"GOOGL","https://www.nasdaq.com/symbol/googl/historical","https://www.reuters.com/finance/stocks/company-news/GOOGL.OQ?date=02012019",1122.29,1118.62,1,0,0,0.00327009952864239,1
"268",2019-02-01,"JNJ","https://www.nasdaq.com/symbol/jnj/historical","https://www.reuters.com/finance/stocks/company-news/JNJ.N?date=02012019",134.02,134.2,1,0,0,-0.00134308312192194,-1
"269",2019-02-01,"TSLA","https://www.nasdaq.com/symbol/tsla/historical","https://www.reuters.com/finance/stocks/company-news/TSLA.OQ?date=02012019",305.42,312.21,2,0,0,-0.0222316809639184,-1
"270",2019-02-04,"AAPL","https://www.nasdaq.com/symbol/aapl/historical","https://www.reuters.com/finance/stocks/company-news/AAPL.OQ?date=02042019",167.41,171.25,3,0,1,-0.0229376978675109,-1
"271",2019-02-04,"AMZN","https://www.nasdaq.com/symbol/amzn/historical","https://www.reuters.com/finance/stocks/company-news/AMZN.OQ?date=02042019",1623,1633.31,3,0,0,-0.00635243376463336,-1
"272",2019-02-04,"GM","https://www.nasdaq.com/symbol/gm/historical","https://www.reuters.com/finance/stocks/company-news/GM.N?date=02042019",38.65,38.93,1,2,0,-0.00724450194049162,-1
"273",2019-02-04,"GOOGL","https://www.nasdaq.com/symbol/googl/historical","https://www.reuters.com/finance/stocks/company-news/GOOGL.OQ?date=02042019",1119.01,1141.42,4,0,1,-0.0200266306824783,-1
"274",2019-02-04,"MSFT","https://www.nasdaq.com/symbol/msft/historical","https://www.reuters.com/finance/stocks/company-news/MSFT.OQ?date=02042019",102.87,105.74,2,0,1,-0.0278992903664819,-1
"275",2019-02-04,"TSLA","https://www.nasdaq.com/symbol/tsla/historical","https://www.reuters.com/finance/stocks/company-news/TSLA.OQ?date=02042019",312.98,312.89,0,0,5,0.000287558310435273,1
"276",2019-02-05,"AAPL","https://www.nasdaq.com/symbol/aapl/historical","https://www.reuters.com/finance/stocks/company-news/AAPL.OQ?date=02052019",172.86,174.18,0,3,6,-0.00763623741756331,-1
"277",2019-02-05,"AMZN","https://www.nasdaq.com/symbol/amzn/historical","https://www.reuters.com/finance/stocks/company-news/AMZN.OQ?date=02052019",1643.34,1658.81,0,1,1,-0.00941375491377319,-1
"278",2019-02-05,"CVS","https://www.nasdaq.com/symbol/cvs/historical","https://www.reuters.com/finance/stocks/company-news/CVS.N?date=02052019",66.24,65.67,0,0,1,0.00860507246376801,1
"279",2019-02-05,"GM","https://www.nasdaq.com/symbol/gm/historical","https://www.reuters.com/finance/stocks/company-news/GM.N?date=02052019",39.08,39.3,0,0,1,-0.00562947799385872,-1
"280",2019-02-05,"GOOGL","https://www.nasdaq.com/symbol/googl/historical","https://www.reuters.com/finance/stocks/company-news/GOOGL.OQ?date=02052019",1129.63,1151.87,0,1,2,-0.019687862397422,-1
"281",2019-02-05,"JNJ","https://www.nasdaq.com/symbol/jnj/historical","https://www.reuters.com/finance/stocks/company-news/JNJ.N?date=02052019",133.52,132.88,1,0,0,0.00479328939484732,1
"282",2019-02-05,"TSLA","https://www.nasdaq.com/symbol/tsla/historical","https://www.reuters.com/finance/stocks/company-news/TSLA.OQ?date=02052019",312.49,321.35,0,1,0,-0.0283529072930334,-1
"283",2019-02-06,"AAPL","https://www.nasdaq.com/symbol/aapl/historical","https://www.reuters.com/finance/stocks/company-news/AAPL.OQ?date=02062019",174.65,174.24,2,1,3,0.00234755224735183,1
"284",2019-02-06,"AMZN","https://www.nasdaq.com/symbol/amzn/historical","https://www.reuters.com/finance/stocks/company-news/AMZN.OQ?date=02062019",1670.75,1640.26,2,0,0,0.0182492892413587,1
"285",2019-02-06,"FB","https://www.nasdaq.com/symbol/fb/historical","https://www.reuters.com/finance/stocks/company-news/FB.OQ?date=02062019",171.2,170.49,0,0,1,0.00414719626168212,1
"286",2019-02-06,"GM","https://www.nasdaq.com/symbol/gm/historical","https://www.reuters.com/finance/stocks/company-news/GM.N?date=02062019",40.17,39.91,1,0,1,0.00647249190938524,1
"287",2019-02-06,"MSFT","https://www.nasdaq.com/symbol/msft/historical","https://www.reuters.com/finance/stocks/company-news/MSFT.OQ?date=02062019",107,106.03,1,0,2,0.00906542056074765,1
"288",2019-02-06,"TSLA","https://www.nasdaq.com/symbol/tsla/historical","https://www.reuters.com/finance/stocks/company-news/TSLA.OQ?date=02062019",319.59,317.22,1,0,0,0.00741575143152147,1
"289",2019-02-07,"AAPL","https://www.nasdaq.com/symbol/aapl/historical","https://www.reuters.com/finance/stocks/company-news/AAPL.OQ?date=02072019",172.4,170.94,1,1,1,0.00846867749419958,1
"290",2019-02-07,"AMZN","https://www.nasdaq.com/symbol/amzn/historical","https://www.reuters.com/finance/stocks/company-news/AMZN.OQ?date=02072019",1625,1614.37,4,3,2,0.00654153846153853,1
"291",2019-02-07,"GM","https://www.nasdaq.com/symbol/gm/historical","https://www.reuters.com/finance/stocks/company-news/GM.N?date=02072019",39.23,38.65,0,0,1,0.0147846036196788,1
"292",2019-02-07,"JNJ","https://www.nasdaq.com/symbol/jnj/historical","https://www.reuters.com/finance/stocks/company-news/JNJ.N?date=02072019",132.45,132.05,1,0,3,0.0030200075500187,1
"293",2019-02-07,"TSLA","https://www.nasdaq.com/symbol/tsla/historical","https://www.reuters.com/finance/stocks/company-news/TSLA.OQ?date=02072019",313.3,307.51,2,0,0,0.0184806894350463,1
"294",2019-02-08,"AAPL","https://www.nasdaq.com/symbol/aapl/historical","https://www.reuters.com/finance/stocks/company-news/AAPL.OQ?date=02082019",168.99,170.41,0,0,1,-0.00840286407479725,-1
"295",2019-02-08,"AMZN","https://www.nasdaq.com/symbol/amzn/historical","https://www.reuters.com/finance/stocks/company-news/AMZN.OQ?date=02082019",1586,1588.22,3,4,2,-0.00139974779319043,-1
"296",2019-02-08,"JNJ","https://www.nasdaq.com/symbol/jnj/historical","https://www.reuters.com/finance/stocks/company-news/JNJ.N?date=02082019",131.95,132.4,0,0,1,-0.00341038272072768,-1
"297",2019-02-08,"LMT","https://www.nasdaq.com/symbol/lmt/historical","https://www.reuters.com/finance/stocks/company-news/LMT.N?date=02082019",299.22,301.5,0,1,0,-0.00761981150992572,-1
"298",2019-02-08,"TSLA","https://www.nasdaq.com/symbol/tsla/historical","https://www.reuters.com/finance/stocks/company-news/TSLA.OQ?date=02082019",306.83,305.8,0,1,0,0.00335690773392423,1
"299",2019-02-11,"AAPL","https://www.nasdaq.com/symbol/aapl/historical","https://www.reuters.com/finance/stocks/company-news/AAPL.OQ?date=02112019",171.05,169.43,0,1,1,0.00947091493715291,1
"300",2019-02-11,"AMZN","https://www.nasdaq.com/symbol/amzn/historical","https://www.reuters.com/finance/stocks/company-news/AMZN.OQ?date=02112019",1600.98,1591,0,0,1,0.00623368186985473,1
"301",2019-02-11,"TSLA","https://www.nasdaq.com/symbol/tsla/historical","https://www.reuters.com/finance/stocks/company-news/TSLA.OQ?date=02112019",311.6,312.84,0,0,1,-0.0039794608472399,-1
"302",2019-02-12,"AAPL","https://www.nasdaq.com/symbol/aapl/historical","https://www.reuters.com/finance/stocks/company-news/AAPL.OQ?date=02122019",170.1,170.89,0,1,5,-0.00464432686654904,-1
"303",2019-02-12,"JNJ","https://www.nasdaq.com/symbol/jnj/historical","https://www.reuters.com/finance/stocks/company-news/JNJ.N?date=02122019",132.08,134.16,1,0,0,-0.0157480314960629,-1
"304",2019-02-13,"AAPL","https://www.nasdaq.com/symbol/aapl/historical","https://www.reuters.com/finance/stocks/company-news/AAPL.OQ?date=02132019",171.39,170.18,4,1,4,0.00705992181574176,1
"305",2019-02-13,"AMZN","https://www.nasdaq.com/symbol/amzn/historical","https://www.reuters.com/finance/stocks/company-news/AMZN.OQ?date=02132019",1647,1640,1,0,5,0.0042501517911354,1
"306",2019-02-13,"FB","https://www.nasdaq.com/symbol/fb/historical","https://www.reuters.com/finance/stocks/company-news/FB.OQ?date=02132019",165.38,164.07,1,0,0,0.00792115128794293,1
"307",2019-02-13,"GM","https://www.nasdaq.com/symbol/gm/historical","https://www.reuters.com/finance/stocks/company-news/GM.N?date=02132019",39.28,39,0,1,3,0.00712830957230145,1
"308",2019-02-13,"GOOGL","https://www.nasdaq.com/symbol/googl/historical","https://www.reuters.com/finance/stocks/company-news/GOOGL.OQ?date=02132019",1133.04,1128.63,0,0,2,0.0038921838593517,1
"309",2019-02-13,"JNJ","https://www.nasdaq.com/symbol/jnj/historical","https://www.reuters.com/finance/stocks/company-news/JNJ.N?date=02132019",134.07,134.45,0,0,7,-0.00283434027000817,-1
"310",2019-02-14,"AAPL","https://www.nasdaq.com/symbol/aapl/historical","https://www.reuters.com/finance/stocks/company-news/AAPL.OQ?date=02142019",169.71,170.8,0,3,5,-0.00642272111248602,-1
"311",2019-02-14,"AMZN","https://www.nasdaq.com/symbol/amzn/historical","https://www.reuters.com/finance/stocks/company-news/AMZN.OQ?date=02142019",1624.5,1622.65,2,3,5,0.00113881194213599,1
"312",2019-02-14,"FB","https://www.nasdaq.com/symbol/fb/historical","https://www.reuters.com/finance/stocks/company-news/FB.OQ?date=02142019",163.19,163.95,1,0,1,-0.00465714810956548,-1
"313",2019-02-14,"GM","https://www.nasdaq.com/symbol/gm/historical","https://www.reuters.com/finance/stocks/company-news/GM.N?date=02142019",38.81,38.89,0,0,1,-0.00206132440092755,-1
"314",2019-02-14,"GOOGL","https://www.nasdaq.com/symbol/googl/historical","https://www.reuters.com/finance/stocks/company-news/GOOGL.OQ?date=02142019",1125,1129.2,0,0,1,-0.00373333333333337,-1
"315",2019-02-14,"MSFT","https://www.nasdaq.com/symbol/msft/historical","https://www.reuters.com/finance/stocks/company-news/MSFT.OQ?date=02142019",106.31,106.9,0,0,3,-0.00554980716771709,-1
"316",2019-02-14,"TSLA","https://www.nasdaq.com/symbol/tsla/historical","https://www.reuters.com/finance/stocks/company-news/TSLA.OQ?date=02142019",303.38,303.77,0,0,1,-0.00128551651394286,-1
"317",2019-02-14,"WMT","https://www.nasdaq.com/symbol/wmt/historical","https://www.reuters.com/finance/stocks/company-news/WMT.N?date=02142019",97.68,98.52,0,0,1,-0.00859950859950849,-1
"318",2019-02-15,"AAPL","https://www.nasdaq.com/symbol/aapl/historical","https://www.reuters.com/finance/stocks/company-news/AAPL.OQ?date=02152019",171.25,170.42,0,3,0,0.00484671532846723,1
"319",2019-02-15,"AMZN","https://www.nasdaq.com/symbol/amzn/historical","https://www.reuters.com/finance/stocks/company-news/AMZN.OQ?date=02152019",1627.86,1607.95,2,3,5,0.012230781516838,1
"320",2019-02-15,"CVS","https://www.nasdaq.com/symbol/cvs/historical","https://www.reuters.com/finance/stocks/company-news/CVS.N?date=02152019",68.26,69.53,0,1,0,-0.018605332552007,-1
"321",2019-02-15,"GM","https://www.nasdaq.com/symbol/gm/historical","https://www.reuters.com/finance/stocks/company-news/GM.N?date=02152019",39.06,39.09,1,0,1,-0.000768049155145958,-1
"322",2019-02-15,"GOOGL","https://www.nasdaq.com/symbol/googl/historical","https://www.reuters.com/finance/stocks/company-news/GOOGL.OQ?date=02152019",1139.3,1119.63,0,1,3,0.0172649872728867,1
"323",2019-02-15,"TSCO","https://www.nasdaq.com/symbol/tsco/historical","https://www.reuters.com/finance/stocks/company-news/TSCO.L?date=02152019",96.19,97.58,1,0,0,-0.0144505665869633,-1
"324",2019-02-15,"TSLA","https://www.nasdaq.com/symbol/tsla/historical","https://www.reuters.com/finance/stocks/company-news/TSLA.OQ?date=02152019",304.5,307.88,0,0,1,-0.0111001642036125,-1
